{
  "n_trials": 5,
  "objective_name": "reward",
  "best_value": 0.5543743160481298,
  "mean_objective": 0.49267341491841793,
  "std_objective": 0.05871319694831015,
  "median_objective": 0.5241962271566034,
  "improvement_over_trials": [
    0.5543743160481298,
    0.5543743160481298,
    0.5543743160481298,
    0.5543743160481298,
    0.5543743160481298
  ]
}